<?xml version="1.0" encoding="utf-8" ?>
<!--
  Copyright 2004-2020 Odoo S.A.
  Copyright 2022 Moduon Team <edu@moduon.team>
  Licence LGPL-3.0 or later (https://www.gnu.org/licenses/lgpl-3.0).
-->
<odoo>

        <record id="ofx_partner_bank_1" model="res.partner.bank">
            <field name="acc_number">BE02631118262640</field>
            <field name="partner_id" ref="base.res_partner_2" />
            <field name="bank_id" ref="base.res_bank_1" />
        </record>

        <record id="ofx_partner_bank_2" model="res.partner.bank">
            <field name="acc_number">20987654321</field>
            <field name="partner_id" ref="base.res_partner_3" />
            <field name="bank_id" ref="base.res_bank_1" />
        </record>

        <record id="qif_partner_bank_1" model="res.partner.bank">
            <field name="acc_number">21987654321</field>
            <field name="partner_id" ref="base.res_partner_4" />
            <field name="bank_id" ref="base.res_bank_1" />
        </record>

        <record id="qif_partner_bank_2" model="res.partner.bank">
            <field name="acc_number">22987654321</field>
            <field name="partner_id" ref="base.res_partner_3" />
            <field name="bank_id" ref="base.res_bank_1" />
        </record>

</odoo>
